generated,metadata_url,metadata_title,metadata_status,api,count,mag,place,time,updated,tz,url,detail,felt,cdi,mmi,alert,status,tsunami,sig,net,code,ids,sources,types,nst,dmin,rms,gap,magType,type,title,geometry_coordinates,id
1711283937000,https://earthquake.usgs.gov/fdsnws/event/1/query?format=geojson&starttime=2024-03-24&minmagnitude=0,USGS Earthquakes,200,1.14.0,98,1.22,"26 km SSW of Bodfish, CA",1711282792540,1711283162674,,https://earthquake.usgs.gov/earthquakes/eventpage/ci40523607,https://earthquake.usgs.gov/fdsnws/event/1/query?eventid=ci40523607&format=geojson,,,,,automatic,0,23,ci,40523607,",ci40523607,",",ci,",",nearby-cities,origin,phase-data,scitech-link,",30.0,0.126,0.18,71.0,ml,Feature,"M 1.2 - 26 km SSW of Bodfish, CA","[-118.5511667, 35.3586667, 2.83]",ci40523607
1711283937000,https://earthquake.usgs.gov/fdsnws/event/1/query?format=geojson&starttime=2024-03-24&minmagnitude=0,USGS Earthquakes,200,1.14.0,98,1.9,"52 km WNW of Central, Alaska",1711282350750,1711282486018,,https://earthquake.usgs.gov/earthquakes/eventpage/ak0243v4czpf,https://earthquake.usgs.gov/fdsnws/event/1/query?eventid=ak0243v4czpf&format=geojson,,,,,automatic,0,56,ak,0243v4czpf,",ak0243v4czpf,",",ak,",",origin,phase-data,",,,1.25,,ml,Feature,"M 1.9 - 52 km WNW of Central, Alaska","[-145.9065, 65.6962, 0]",ak0243v4czpf
1711283937000,https://earthquake.usgs.gov/fdsnws/event/1/query?format=geojson&starttime=2024-03-24&minmagnitude=0,USGS Earthquakes,200,1.14.0,98,2.1,"10 km ENE of Balmorhea, Texas",1711282252534,1711283107937,,https://earthquake.usgs.gov/earthquakes/eventpage/tx2024fwow,https://earthquake.usgs.gov/fdsnws/event/1/query?eventid=tx2024fwow&format=geojson,,,,,automatic,0,68,tx,2024fwow,",tx2024fwow,",",tx,",",origin,phase-data,",14.0,0.1,0.6,59.0,ml,Feature,"M 2.1 - 10 km ENE of Balmorhea, Texas","[-103.648, 31.035, 4.4573]",tx2024fwow
1711283937000,https://earthquake.usgs.gov/fdsnws/event/1/query?format=geojson&starttime=2024-03-24&minmagnitude=0,USGS Earthquakes,200,1.14.0,98,0.72,"10 km WNW of Cobb, CA",1711281862670,1711281956073,,https://earthquake.usgs.gov/earthquakes/eventpage/nc74023121,https://earthquake.usgs.gov/fdsnws/event/1/query?eventid=nc74023121&format=geojson,,,,,automatic,0,8,nc,74023121,",nc74023121,",",nc,",",nearby-cities,origin,phase-data,",16.0,0.006907,0.02,97.0,md,Feature,"M 0.7 - 10 km WNW of Cobb, CA","[-122.8358307, 38.8455009, 1.6]",nc74023121
1711283937000,https://earthquake.usgs.gov/fdsnws/event/1/query?format=geojson&starttime=2024-03-24&minmagnitude=0,USGS Earthquakes,200,1.14.0,98,1.6,"29 km NW of Toyah, Texas",1711281827918,1711282295433,,https://earthquake.usgs.gov/earthquakes/eventpage/tx2024fwor,https://earthquake.usgs.gov/fdsnws/event/1/query?eventid=tx2024fwor&format=geojson,,,,,automatic,0,39,tx,2024fwor,",tx2024fwor,",",tx,",",origin,phase-data,",14.0,0.1,0.3,77.0,ml,Feature,"M 1.6 - 29 km NW of Toyah, Texas","[-104.006, 31.504, 5.234]",tx2024fwor
1711283937000,https://earthquake.usgs.gov/fdsnws/event/1/query?format=geojson&starttime=2024-03-24&minmagnitude=0,USGS Earthquakes,200,1.14.0,98,5.0,"46 km NW of Bintuni, Indonesia",1711281238015,1711282164040,,https://earthquake.usgs.gov/earthquakes/eventpage/us6000mkyp,https://earthquake.usgs.gov/fdsnws/event/1/query?eventid=us6000mkyp&format=geojson,,,,,reviewed,0,385,us,6000mkyp,",us6000mkyp,",",us,",",origin,phase-data,",60.0,4.33,0.76,67.0,mb,Feature,"M 5.0 - 46 km NW of Bintuni, Indonesia","[133.2689, -1.7716, 49.288]",us6000mkyp
1711283937000,https://earthquake.usgs.gov/fdsnws/event/1/query?format=geojson&starttime=2024-03-24&minmagnitude=0,USGS Earthquakes,200,1.14.0,98,2.41000009,"12 km E of Pāhala, Hawaii",1711280941990,1711281050180,,https://earthquake.usgs.gov/earthquakes/eventpage/hv74148442,https://earthquake.usgs.gov/fdsnws/event/1/query?eventid=hv74148442&format=geojson,,,,,automatic,0,89,hv,74148442,",hv74148442,",",hv,",",origin,phase-data,",50.0,0.1049,0.140000001,170.0,md,Feature,"M 2.4 - 12 km E of Pāhala, Hawaii","[-155.356826782227, 19.1888332366943, 28.6399993896484]",hv74148442
1711283937000,https://earthquake.usgs.gov/fdsnws/event/1/query?format=geojson&starttime=2024-03-24&minmagnitude=0,USGS Earthquakes,200,1.14.0,98,1.15,"13 km NE of Coso Junction, CA",1711280897240,1711281256340,,https://earthquake.usgs.gov/earthquakes/eventpage/ci40523599,https://earthquake.usgs.gov/fdsnws/event/1/query?eventid=ci40523599&format=geojson,,,,,automatic,0,20,ci,40523599,",ci40523599,",",ci,",",nearby-cities,origin,phase-data,scitech-link,",21.0,0.01664,0.15,86.0,ml,Feature,"M 1.2 - 13 km NE of Coso Junction, CA","[-117.8345, 36.1198333, 2.16]",ci40523599
1711283937000,https://earthquake.usgs.gov/fdsnws/event/1/query?format=geojson&starttime=2024-03-24&minmagnitude=0,USGS Earthquakes,200,1.14.0,98,1.8,"32 km E of Anderson, Alaska",1711280874511,1711280967947,,https://earthquake.usgs.gov/earthquakes/eventpage/ak0243v3z3yt,https://earthquake.usgs.gov/fdsnws/event/1/query?eventid=ak0243v3z3yt&format=geojson,,,,,automatic,0,50,ak,0243v3z3yt,",ak0243v3z3yt,",",ak,",",origin,phase-data,",,,0.42,,ml,Feature,"M 1.8 - 32 km E of Anderson, Alaska","[-148.5183, 64.3245, 1.6]",ak0243v3z3yt
1711283937000,https://earthquake.usgs.gov/fdsnws/event/1/query?format=geojson&starttime=2024-03-24&minmagnitude=0,USGS Earthquakes,200,1.14.0,98,1.0,"12 km SSE of Mogul, Nevada",1711280184726,1711280304531,,https://earthquake.usgs.gov/earthquakes/eventpage/nn00875266,https://earthquake.usgs.gov/fdsnws/event/1/query?eventid=nn00875266&format=geojson,,,,,automatic,0,15,nn,00875266,",nn00875266,",",nn,",",origin,phase-data,",9.0,0.075,0.186,93.29,ml,Feature,"M 1.0 - 12 km SSE of Mogul, Nevada","[-119.8699, 39.4124, 9.2]",nn00875266
1711283937000,https://earthquake.usgs.gov/fdsnws/event/1/query?format=geojson&starttime=2024-03-24&minmagnitude=0,USGS Earthquakes,200,1.14.0,98,1.4,"32 km E of Anderson, Alaska",1711279859096,1711280071625,,https://earthquake.usgs.gov/earthquakes/eventpage/ak0243v3vh4i,https://earthquake.usgs.gov/fdsnws/event/1/query?eventid=ak0243v3vh4i&format=geojson,,,,,automatic,0,30,ak,0243v3vh4i,",ak0243v3vh4i,",",ak,",",origin,phase-data,",,,0.54,,ml,Feature,"M 1.4 - 32 km E of Anderson, Alaska","[-148.5107, 64.3069, 2.4]",ak0243v3vh4i
1711283937000,https://earthquake.usgs.gov/fdsnws/event/1/query?format=geojson&starttime=2024-03-24&minmagnitude=0,USGS Earthquakes,200,1.14.0,98,1.8,"77 km SE of Kokhanok, Alaska",1711279726502,1711279873673,,https://earthquake.usgs.gov/earthquakes/eventpage/ak0243v3v0ru,https://earthquake.usgs.gov/fdsnws/event/1/query?eventid=ak0243v3v0ru&format=geojson,,,,,automatic,0,50,ak,0243v3v0ru,",ak0243v3v0ru,",",ak,",",origin,phase-data,",,,0.52,,ml,Feature,"M 1.8 - 77 km SE of Kokhanok, Alaska","[-153.9273, 58.893, 22.6]",ak0243v3v0ru
1711283937000,https://earthquake.usgs.gov/fdsnws/event/1/query?format=geojson&starttime=2024-03-24&minmagnitude=0,USGS Earthquakes,200,1.14.0,98,1.6,"50 km SSE of Denali National Park, Alaska",1711279562714,1711279742260,,https://earthquake.usgs.gov/earthquakes/eventpage/ak0243v3uhyn,https://earthquake.usgs.gov/fdsnws/event/1/query?eventid=ak0243v3uhyn&format=geojson,,,,,automatic,0,39,ak,0243v3uhyn,",ak0243v3uhyn,",",ak,",",origin,phase-data,",,,0.51,,ml,Feature,"M 1.6 - 50 km SSE of Denali National Park, Alaska","[-151.416, 63.1076, 3.8]",ak0243v3uhyn
1711283937000,https://earthquake.usgs.gov/fdsnws/event/1/query?format=geojson&starttime=2024-03-24&minmagnitude=0,USGS Earthquakes,200,1.14.0,98,1.6,"49 km E of Denali National Park, Alaska",1711279282692,1711279598218,,https://earthquake.usgs.gov/earthquakes/eventpage/ak0243v3tgyc,https://earthquake.usgs.gov/fdsnws/event/1/query?eventid=ak0243v3tgyc&format=geojson,,,,,automatic,0,39,ak,0243v3tgyc,",ak0243v3tgyc,",",ak,",",origin,phase-data,",,,0.41,,ml,Feature,"M 1.6 - 49 km E of Denali National Park, Alaska","[-150.7208, 63.5465, 1.4]",ak0243v3tgyc
1711283937000,https://earthquake.usgs.gov/fdsnws/event/1/query?format=geojson&starttime=2024-03-24&minmagnitude=0,USGS Earthquakes,200,1.14.0,98,1.61,"1 km NE of The Geysers, CA",1711279123540,1711279216649,,https://earthquake.usgs.gov/earthquakes/eventpage/nc74023101,https://earthquake.usgs.gov/fdsnws/event/1/query?eventid=nc74023101&format=geojson,,,,,automatic,0,40,nc,74023101,",nc74023101,",",nc,",",nearby-cities,origin,phase-data,",22.0,0.006992,0.04,78.0,md,Feature,"M 1.6 - 1 km NE of The Geysers, CA","[-122.7456665, 38.7830009, 0.35]",nc74023101
1711283937000,https://earthquake.usgs.gov/fdsnws/event/1/query?format=geojson&starttime=2024-03-24&minmagnitude=0,USGS Earthquakes,200,1.14.0,98,2.2,"40 km N of Karluk, Alaska",1711277902437,1711278035039,,https://earthquake.usgs.gov/earthquakes/eventpage/ak0243v3fysj,https://earthquake.usgs.gov/fdsnws/event/1/query?eventid=ak0243v3fysj&format=geojson,,,,,automatic,0,74,ak,0243v3fysj,",ak0243v3fysj,",",ak,",",origin,phase-data,",,,0.78,,ml,Feature,"M 2.2 - 40 km N of Karluk, Alaska","[-154.4176, 57.9283, 41.6]",ak0243v3fysj
1711283937000,https://earthquake.usgs.gov/fdsnws/event/1/query?format=geojson&starttime=2024-03-24&minmagnitude=0,USGS Earthquakes,200,1.14.0,98,1.07,"8 km NW of The Geysers, CA",1711277773380,1711277866347,,https://earthquake.usgs.gov/earthquakes/eventpage/nc74023096,https://earthquake.usgs.gov/fdsnws/event/1/query?eventid=nc74023096&format=geojson,,,,,automatic,0,18,nc,74023096,",nc74023096,",",nc,",",nearby-cities,origin,phase-data,",18.0,0.009766,0.02,50.0,md,Feature,"M 1.1 - 8 km NW of The Geysers, CA","[-122.8186646, 38.8305016, 1.59]",nc74023096
1711283937000,https://earthquake.usgs.gov/fdsnws/event/1/query?format=geojson&starttime=2024-03-24&minmagnitude=0,USGS Earthquakes,200,1.14.0,98,1.39,"13 km W of Niland, CA",1711276993360,1711277374134,,https://earthquake.usgs.gov/earthquakes/eventpage/ci40523591,https://earthquake.usgs.gov/fdsnws/event/1/query?eventid=ci40523591&format=geojson,,,,,automatic,0,30,ci,40523591,",ci40523591,",",ci,",",nearby-cities,origin,phase-data,scitech-link,",29.0,0.06899,0.2,51.0,ml,Feature,"M 1.4 - 13 km W of Niland, CA","[-115.6601667, 33.2446667, 3.2]",ci40523591
1711283937000,https://earthquake.usgs.gov/fdsnws/event/1/query?format=geojson&starttime=2024-03-24&minmagnitude=0,USGS Earthquakes,200,1.14.0,98,4.1,"22 km ESE of Jurm, Afghanistan",1711276564782,1711280544040,,https://earthquake.usgs.gov/earthquakes/eventpage/us6000mkyg,https://earthquake.usgs.gov/fdsnws/event/1/query?eventid=us6000mkyg&format=geojson,,,,,reviewed,0,259,us,6000mkyg,",us6000mkyg,",",us,",",origin,phase-data,",24.0,2.757,0.93,173.0,mb,Feature,"M 4.1 - 22 km ESE of Jurm, Afghanistan","[71.0659, 36.7775, 98.321]",us6000mkyg
1711283937000,https://earthquake.usgs.gov/fdsnws/event/1/query?format=geojson&starttime=2024-03-24&minmagnitude=0,USGS Earthquakes,200,1.14.0,98,2.17000008,"23 km SE of Pāhala, Hawaii",1711276202970,1711276299830,,https://earthquake.usgs.gov/earthquakes/eventpage/hv74148417,https://earthquake.usgs.gov/fdsnws/event/1/query?eventid=hv74148417&format=geojson,,,,,automatic,0,72,hv,74148417,",hv74148417,",",hv,",",origin,phase-data,",27.0,0.1659,0.100000001,248.0,md,Feature,"M 2.2 - 23 km SE of Pāhala, Hawaii","[-155.334838867188, 19.0406665802002, 29.5100002288818]",hv74148417
1711283937000,https://earthquake.usgs.gov/fdsnws/event/1/query?format=geojson&starttime=2024-03-24&minmagnitude=0,USGS Earthquakes,200,1.14.0,98,0.74,"9 km WNW of The Geysers, CA",1711274773330,1711274866679,,https://earthquake.usgs.gov/earthquakes/eventpage/nc74023086,https://earthquake.usgs.gov/fdsnws/event/1/query?eventid=nc74023086&format=geojson,,,,,automatic,0,8,nc,74023086,",nc74023086,",",nc,",",nearby-cities,origin,phase-data,",15.0,0.01196,0.01,87.0,md,Feature,"M 0.7 - 9 km WNW of The Geysers, CA","[-122.8515015, 38.8163338, 2.39]",nc74023086
1711283937000,https://earthquake.usgs.gov/fdsnws/event/1/query?format=geojson&starttime=2024-03-24&minmagnitude=0,USGS Earthquakes,200,1.14.0,98,0.77,"6 km WNW of The Geysers, CA",1711274274770,1711274371597,,https://earthquake.usgs.gov/earthquakes/eventpage/nc74023081,https://earthquake.usgs.gov/fdsnws/event/1/query?eventid=nc74023081&format=geojson,,,,,automatic,0,9,nc,74023081,",nc74023081,",",nc,",",nearby-cities,origin,phase-data,",13.0,0.007204,0.03,65.0,md,Feature,"M 0.8 - 6 km WNW of The Geysers, CA","[-122.8201675, 38.8073349, 0.28]",nc74023081
1711283937000,https://earthquake.usgs.gov/fdsnws/event/1/query?format=geojson&starttime=2024-03-24&minmagnitude=0,USGS Earthquakes,200,1.14.0,98,1.5,"6 km SSE of Eureka Roadhouse, Alaska",1711274231979,1711274321798,,https://earthquake.usgs.gov/earthquakes/eventpage/ak0243v2uanx,https://earthquake.usgs.gov/fdsnws/event/1/query?eventid=ak0243v2uanx&format=geojson,,,,,automatic,0,35,ak,0243v2uanx,",ak0243v2uanx,",",ak,",",origin,phase-data,",,,0.6,,ml,Feature,"M 1.5 - 6 km SSE of Eureka Roadhouse, Alaska","[-147.1093, 61.8883, 30.8]",ak0243v2uanx
1711283937000,https://earthquake.usgs.gov/fdsnws/event/1/query?format=geojson&starttime=2024-03-24&minmagnitude=0,USGS Earthquakes,200,1.14.0,98,4.1,"125 km SSW of Bayanhongor, Mongolia",1711273504437,1711280374040,,https://earthquake.usgs.gov/earthquakes/eventpage/us6000mky9,https://earthquake.usgs.gov/fdsnws/event/1/query?eventid=us6000mky9&format=geojson,,,,,reviewed,0,259,us,6000mky9,",us6000mky9,",",us,",",origin,phase-data,",26.0,5.206,0.83,101.0,mb,Feature,"M 4.1 - 125 km SSW of Bayanhongor, Mongolia","[99.8475, 45.2453, 10]",us6000mky9
1711283937000,https://earthquake.usgs.gov/fdsnws/event/1/query?format=geojson&starttime=2024-03-24&minmagnitude=0,USGS Earthquakes,200,1.14.0,98,1.2,"2 km NNE of Talkeetna, Alaska",1711273485266,1711273657735,,https://earthquake.usgs.gov/earthquakes/eventpage/ak0243v2rkx3,https://earthquake.usgs.gov/fdsnws/event/1/query?eventid=ak0243v2rkx3&format=geojson,,,,,automatic,0,22,ak,0243v2rkx3,",ak0243v2rkx3,",",ak,",",origin,phase-data,",,,0.5,,ml,Feature,"M 1.2 - 2 km NNE of Talkeetna, Alaska","[-150.0913, 62.3481, 25.2]",ak0243v2rkx3
1711283937000,https://earthquake.usgs.gov/fdsnws/event/1/query?format=geojson&starttime=2024-03-24&minmagnitude=0,USGS Earthquakes,200,1.14.0,98,0.76,"8 km NW of The Geysers, CA",1711273375370,1711273470427,,https://earthquake.usgs.gov/earthquakes/eventpage/nc74023071,https://earthquake.usgs.gov/fdsnws/event/1/query?eventid=nc74023071&format=geojson,,,,,automatic,0,9,nc,74023071,",nc74023071,",",nc,",",nearby-cities,origin,phase-data,",7.0,0.007126,0.03,109.0,md,Feature,"M 0.8 - 8 km NW of The Geysers, CA","[-122.8280029, 38.8276672, 4.78]",nc74023071
1711283937000,https://earthquake.usgs.gov/fdsnws/event/1/query?format=geojson&starttime=2024-03-24&minmagnitude=0,USGS Earthquakes,200,1.14.0,98,2.0,"42 km WNW of Ninilchik, Alaska",1711272728016,1711272920153,,https://earthquake.usgs.gov/earthquakes/eventpage/ak0243v2oxgh,https://earthquake.usgs.gov/fdsnws/event/1/query?eventid=ak0243v2oxgh&format=geojson,,,,,automatic,0,62,ak,0243v2oxgh,",ak0243v2oxgh,",",ak,",",origin,phase-data,",,,0.58,,ml,Feature,"M 2.0 - 42 km WNW of Ninilchik, Alaska","[-152.4037, 60.1426, 72.8]",ak0243v2oxgh
1711283937000,https://earthquake.usgs.gov/fdsnws/event/1/query?format=geojson&starttime=2024-03-24&minmagnitude=0,USGS Earthquakes,200,1.14.0,98,2.8,"10 km E of Falls City, Texas",1711271926470,1711274844706,,https://earthquake.usgs.gov/earthquakes/eventpage/us6000mky5,https://earthquake.usgs.gov/fdsnws/event/1/query?eventid=us6000mky5&format=geojson,4.0,3.9,,,reviewed,0,122,us,6000mky5,",us6000mky5,",",us,",",dyfi,origin,phase-data,",21.0,0.163,0.41,84.0,mb_lg,Feature,"M 2.8 - 10 km E of Falls City, Texas","[-97.9123, 28.9904, 5]",us6000mky5
1711283937000,https://earthquake.usgs.gov/fdsnws/event/1/query?format=geojson&starttime=2024-03-24&minmagnitude=0,USGS Earthquakes,200,1.14.0,98,1.92,"4 km WNW of Borrego Springs, CA",1711271231720,1711271871450,,https://earthquake.usgs.gov/earthquakes/eventpage/ci40523583,https://earthquake.usgs.gov/fdsnws/event/1/query?eventid=ci40523583&format=geojson,1.0,2.0,,,automatic,0,57,ci,40523583,",ci40523583,",",ci,",",dyfi,focal-mechanism,nearby-cities,origin,phase-data,scitech-link,",87.0,0.00333,0.2,19.0,ml,Feature,"M 1.9 - 4 km WNW of Borrego Springs, CA","[-116.4155, 33.2651667, 4.47]",ci40523583
1711283937000,https://earthquake.usgs.gov/fdsnws/event/1/query?format=geojson&starttime=2024-03-24&minmagnitude=0,USGS Earthquakes,200,1.14.0,98,2.5,"7 km NNE of Pāhala, Hawaii",1711270731040,1711270889160,,https://earthquake.usgs.gov/earthquakes/eventpage/hv74148342,https://earthquake.usgs.gov/fdsnws/event/1/query?eventid=hv74148342&format=geojson,,,,,automatic,0,96,hv,74148342,",hv74148342,",",hv,",",origin,phase-data,",48.0,0.04932,0.330000013,100.0,ml,Feature,"M 2.5 - 7 km NNE of Pāhala, Hawaii","[-155.451507568359, 19.2689990997314, -0.800000011920929]",hv74148342
1711283937000,https://earthquake.usgs.gov/fdsnws/event/1/query?format=geojson&starttime=2024-03-24&minmagnitude=0,USGS Earthquakes,200,1.14.0,98,1.9,"61 km WNW of Skwentna, Alaska",1711270307861,1711270573704,,https://earthquake.usgs.gov/earthquakes/eventpage/ak0243v27niz,https://earthquake.usgs.gov/fdsnws/event/1/query?eventid=ak0243v27niz&format=geojson,,,,,automatic,0,56,ak,0243v27niz,",ak0243v27niz,",",ak,",",origin,phase-data,",,,1.07,,ml,Feature,"M 1.9 - 61 km WNW of Skwentna, Alaska","[-152.4142, 62.2738, 0]",ak0243v27niz
1711283937000,https://earthquake.usgs.gov/fdsnws/event/1/query?format=geojson&starttime=2024-03-24&minmagnitude=0,USGS Earthquakes,200,1.14.0,98,2.83,"3 km E of Port Townsend, Washington",1711269195900,1711277818897,,https://earthquake.usgs.gov/earthquakes/eventpage/uw61991971,https://earthquake.usgs.gov/fdsnws/event/1/query?eventid=uw61991971&format=geojson,11.0,2.7,,,reviewed,0,126,uw,61991971,",uw61991971,",",uw,",",dyfi,origin,phase-data,",15.0,0.06829,0.12,91.0,ml,Feature,"M 2.8 - 3 km E of Port Townsend, Washington","[-122.717, 48.111666666666665, 60.08]",uw61991971
1711283937000,https://earthquake.usgs.gov/fdsnws/event/1/query?format=geojson&starttime=2024-03-24&minmagnitude=0,USGS Earthquakes,200,1.14.0,98,0.74,"8 km NW of The Geysers, CA",1711268657020,1711268751546,,https://earthquake.usgs.gov/earthquakes/eventpage/nc74023066,https://earthquake.usgs.gov/fdsnws/event/1/query?eventid=nc74023066&format=geojson,,,,,automatic,0,8,nc,74023066,",nc74023066,",",nc,",",nearby-cities,origin,phase-data,",10.0,0.009437,0.02,84.0,md,Feature,"M 0.7 - 8 km NW of The Geysers, CA","[-122.8231659, 38.8213348, 2.38]",nc74023066
1711283937000,https://earthquake.usgs.gov/fdsnws/event/1/query?format=geojson&starttime=2024-03-24&minmagnitude=0,USGS Earthquakes,200,1.14.0,98,2.22000003,"3 km SSW of Pāhala, Hawaii",1711267917790,1711269540777,,https://earthquake.usgs.gov/earthquakes/eventpage/hv74148312,https://earthquake.usgs.gov/fdsnws/event/1/query?eventid=hv74148312&format=geojson,2.0,2.0,,,automatic,0,76,hv,74148312,",hv74148312,",",hv,",",dyfi,origin,phase-data,",32.0,0.0365,0.100000001,103.0,md,Feature,"M 2.2 - 3 km SSW of Pāhala, Hawaii","[-155.496002197266, 19.1730003356934, 31.1399993896484]",hv74148312
1711283937000,https://earthquake.usgs.gov/fdsnws/event/1/query?format=geojson&starttime=2024-03-24&minmagnitude=0,USGS Earthquakes,200,1.14.0,98,1.9,"45 km NNW of Beluga, Alaska",1711267520709,1711267643373,,https://earthquake.usgs.gov/earthquakes/eventpage/ak0243v1xqhy,https://earthquake.usgs.gov/fdsnws/event/1/query?eventid=ak0243v1xqhy&format=geojson,,,,,automatic,0,56,ak,0243v1xqhy,",ak0243v1xqhy,",",ak,",",origin,phase-data,",,,0.47,,ml,Feature,"M 1.9 - 45 km NNW of Beluga, Alaska","[-151.5048, 61.4984, 77.7]",ak0243v1xqhy
1711283937000,https://earthquake.usgs.gov/fdsnws/event/1/query?format=geojson&starttime=2024-03-24&minmagnitude=0,USGS Earthquakes,200,1.14.0,98,0.9,"23 km SE of Chickaloon, Alaska",1711267387143,1711267531084,,https://earthquake.usgs.gov/earthquakes/eventpage/ak0243v1xa0q,https://earthquake.usgs.gov/fdsnws/event/1/query?eventid=ak0243v1xa0q&format=geojson,,,,,automatic,0,12,ak,0243v1xa0q,",ak0243v1xa0q,",",ak,",",origin,phase-data,",,,0.13,,ml,Feature,"M 0.9 - 23 km SE of Chickaloon, Alaska","[-148.125, 61.6612, 18.4]",ak0243v1xa0q
1711283937000,https://earthquake.usgs.gov/fdsnws/event/1/query?format=geojson&starttime=2024-03-24&minmagnitude=0,USGS Earthquakes,200,1.14.0,98,2.0,"66 km SSW of Whites City, New Mexico",1711267296027,1711268257194,,https://earthquake.usgs.gov/earthquakes/eventpage/tx2024fwgq,https://earthquake.usgs.gov/fdsnws/event/1/query?eventid=tx2024fwgq&format=geojson,,,,,automatic,0,62,tx,2024fwgq,",tx2024fwgq,",",tx,",",origin,phase-data,",16.0,0.1,0.2,157.0,ml,Feature,"M 2.0 - 66 km SSW of Whites City, New Mexico","[-104.536, 31.588, 4.1677]",tx2024fwgq
1711283937000,https://earthquake.usgs.gov/fdsnws/event/1/query?format=geojson&starttime=2024-03-24&minmagnitude=0,USGS Earthquakes,200,1.14.0,98,0.75,"2 km NNW of The Geysers, CA",1711267168410,1711267260334,,https://earthquake.usgs.gov/earthquakes/eventpage/nc74023061,https://earthquake.usgs.gov/fdsnws/event/1/query?eventid=nc74023061&format=geojson,,,,,automatic,0,9,nc,74023061,",nc74023061,",",nc,",",nearby-cities,origin,phase-data,",8.0,0.007828,0.05,120.0,md,Feature,"M 0.8 - 2 km NNW of The Geysers, CA","[-122.7608337, 38.7928352, 0.48]",nc74023061
1711283937000,https://earthquake.usgs.gov/fdsnws/event/1/query?format=geojson&starttime=2024-03-24&minmagnitude=0,USGS Earthquakes,200,1.14.0,98,1.7,"34 km NW of Toyah, Texas",1711266085286,1711266876988,,https://earthquake.usgs.gov/earthquakes/eventpage/tx2024fwfz,https://earthquake.usgs.gov/fdsnws/event/1/query?eventid=tx2024fwfz&format=geojson,,,,,automatic,0,44,tx,2024fwfz,",tx2024fwfz,",",tx,",",origin,phase-data,",15.0,0.0,0.2,60.0,ml,Feature,"M 1.7 - 34 km NW of Toyah, Texas","[-104.013, 31.557, 5.7815]",tx2024fwfz
1711283937000,https://earthquake.usgs.gov/fdsnws/event/1/query?format=geojson&starttime=2024-03-24&minmagnitude=0,USGS Earthquakes,200,1.14.0,98,1.06,"13 km WNW of Anza, CA",1711266046750,1711266424928,,https://earthquake.usgs.gov/earthquakes/eventpage/ci40523567,https://earthquake.usgs.gov/fdsnws/event/1/query?eventid=ci40523567&format=geojson,,,,,automatic,0,17,ci,40523567,",ci40523567,",",ci,",",nearby-cities,origin,phase-data,scitech-link,",52.0,0.03961,0.19,26.0,ml,Feature,"M 1.1 - 13 km WNW of Anza, CA","[-116.809, 33.5808333, 8.17]",ci40523567
1711283937000,https://earthquake.usgs.gov/fdsnws/event/1/query?format=geojson&starttime=2024-03-24&minmagnitude=0,USGS Earthquakes,200,1.14.0,98,0.9,"3 km W of Carnelian Bay, California",1711265986664,1711266113269,,https://earthquake.usgs.gov/earthquakes/eventpage/nn00875265,https://earthquake.usgs.gov/fdsnws/event/1/query?eventid=nn00875265&format=geojson,,,,,automatic,0,12,nn,00875265,",nn00875265,",",nn,",",origin,phase-data,",8.0,0.1,0.0797,154.71,ml,Feature,"M 0.9 - 3 km W of Carnelian Bay, California","[-120.1264, 39.2211, 3.7]",nn00875265
1711283937000,https://earthquake.usgs.gov/fdsnws/event/1/query?format=geojson&starttime=2024-03-24&minmagnitude=0,USGS Earthquakes,200,1.14.0,98,0.62,"12 km WNW of Anza, CA",1711265809070,1711266178911,,https://earthquake.usgs.gov/earthquakes/eventpage/ci40523559,https://earthquake.usgs.gov/fdsnws/event/1/query?eventid=ci40523559&format=geojson,,,,,automatic,0,6,ci,40523559,",ci40523559,",",ci,",",nearby-cities,origin,phase-data,scitech-link,",20.0,0.03272,0.12,76.0,ml,Feature,"M 0.6 - 12 km WNW of Anza, CA","[-116.8028333, 33.5886667, 7.49]",ci40523559
1711283937000,https://earthquake.usgs.gov/fdsnws/event/1/query?format=geojson&starttime=2024-03-24&minmagnitude=0,USGS Earthquakes,200,1.14.0,98,2.1,"5 km ESE of Elgin, South Carolina",1711264940598,1711282970881,,https://earthquake.usgs.gov/earthquakes/eventpage/us6000mkyj,https://earthquake.usgs.gov/fdsnws/event/1/query?eventid=us6000mkyj&format=geojson,19.0,3.8,,,reviewed,0,75,us,6000mkyj,",us6000mkyj,",",us,",",dyfi,origin,phase-data,",11.0,0.04,0.3,103.0,ml,Feature,"M 2.1 - 5 km ESE of Elgin, South Carolina","[-80.7368, 34.1572, 4.893]",us6000mkyj
1711283937000,https://earthquake.usgs.gov/fdsnws/event/1/query?format=geojson&starttime=2024-03-24&minmagnitude=0,USGS Earthquakes,200,1.14.0,98,1.25,"24 km ESE of Ocotillo Wells, CA",1711264052900,1711264430098,,https://earthquake.usgs.gov/earthquakes/eventpage/ci40523551,https://earthquake.usgs.gov/fdsnws/event/1/query?eventid=ci40523551&format=geojson,,,,,automatic,0,24,ci,40523551,",ci40523551,",",ci,",",nearby-cities,origin,phase-data,scitech-link,",25.0,0.08648,0.15,67.0,ml,Feature,"M 1.3 - 24 km ESE of Ocotillo Wells, CA","[-115.8965, 33.056, 2]",ci40523551
1711283937000,https://earthquake.usgs.gov/fdsnws/event/1/query?format=geojson&starttime=2024-03-24&minmagnitude=0,USGS Earthquakes,200,1.14.0,98,3.13,"10 km ENE of Pāhala, Hawaii",1711264017150,1711271346494,,https://earthquake.usgs.gov/earthquakes/eventpage/hv74148282,https://earthquake.usgs.gov/fdsnws/event/1/query?eventid=hv74148282&format=geojson,13.0,3.0,3.766,,automatic,0,155,hv,74148282,",hv74148282,us6000mkxn,",",hv,us,",",dyfi,origin,phase-data,shakemap,",60.0,0.0882,0.129999995,138.0,ml,Feature,"M 3.1 - 10 km ENE of Pāhala, Hawaii","[-155.390167236328, 19.2448329925537, 32.4900016784668]",hv74148282
1711283937000,https://earthquake.usgs.gov/fdsnws/event/1/query?format=geojson&starttime=2024-03-24&minmagnitude=0,USGS Earthquakes,200,1.14.0,98,1.64,"12 km ESE of Gilroy, CA",1711263800870,1711263995116,,https://earthquake.usgs.gov/earthquakes/eventpage/nc74023046,https://earthquake.usgs.gov/fdsnws/event/1/query?eventid=nc74023046&format=geojson,,,,,automatic,0,41,nc,74023046,",nc74023046,",",nc,",",focal-mechanism,nearby-cities,origin,phase-data,scitech-link,",27.0,0.07348,0.08,60.0,md,Feature,"M 1.6 - 12 km ESE of Gilroy, CA","[-121.442337, 36.9599991, 6.09]",nc74023046
1711283937000,https://earthquake.usgs.gov/fdsnws/event/1/query?format=geojson&starttime=2024-03-24&minmagnitude=0,USGS Earthquakes,200,1.14.0,98,2.0,"34 km NW of Toyah, Texas",1711263626761,1711264951830,,https://earthquake.usgs.gov/earthquakes/eventpage/tx2024fweq,https://earthquake.usgs.gov/fdsnws/event/1/query?eventid=tx2024fweq&format=geojson,,,,,automatic,0,62,tx,2024fweq,",tx2024fweq,",",tx,",",origin,phase-data,",16.0,0.0,0.3,58.0,ml,Feature,"M 2.0 - 34 km NW of Toyah, Texas","[-104.01, 31.559, 6.3607]",tx2024fweq
1711283937000,https://earthquake.usgs.gov/fdsnws/event/1/query?format=geojson&starttime=2024-03-24&minmagnitude=0,USGS Earthquakes,200,1.14.0,98,1.02,"23 km ESE of Little Lake, CA",1711263450120,1711263806030,,https://earthquake.usgs.gov/earthquakes/eventpage/ci40523543,https://earthquake.usgs.gov/fdsnws/event/1/query?eventid=ci40523543&format=geojson,,,,,automatic,0,16,ci,40523543,",ci40523543,",",ci,",",nearby-cities,origin,phase-data,scitech-link,",22.0,0.07965,0.14,61.0,ml,Feature,"M 1.0 - 23 km ESE of Little Lake, CA","[-117.6796667, 35.848, 8.85]",ci40523543
1711283937000,https://earthquake.usgs.gov/fdsnws/event/1/query?format=geojson&starttime=2024-03-24&minmagnitude=0,USGS Earthquakes,200,1.14.0,98,2.83,"1 km W of Yauco, Puerto Rico",1711263230750,1711263977260,,https://earthquake.usgs.gov/earthquakes/eventpage/pr71443803,https://earthquake.usgs.gov/fdsnws/event/1/query?eventid=pr71443803&format=geojson,,,,,reviewed,0,123,pr,71443803,",pr71443803,",",pr,",",origin,phase-data,",20.0,0.01179,0.21,50.0,md,Feature,"M 2.8 - 1 km W of Yauco, Puerto Rico","[-66.8636666666667, 18.033, 17.22]",pr71443803
1711283937000,https://earthquake.usgs.gov/fdsnws/event/1/query?format=geojson&starttime=2024-03-24&minmagnitude=0,USGS Earthquakes,200,1.14.0,98,1.78999996,"2 km SSW of Pāhala, Hawaii",1711262437380,1711262528820,,https://earthquake.usgs.gov/earthquakes/eventpage/hv74148247,https://earthquake.usgs.gov/fdsnws/event/1/query?eventid=hv74148247&format=geojson,,,,,automatic,0,49,hv,74148247,",hv74148247,",",hv,",",origin,phase-data,",24.0,0.06937,0.119999997,199.0,md,Feature,"M 1.8 - 2 km SSW of Pāhala, Hawaii","[-155.491500854492, 19.1790008544922, 30.7299995422363]",hv74148247
1711283937000,https://earthquake.usgs.gov/fdsnws/event/1/query?format=geojson&starttime=2024-03-24&minmagnitude=0,USGS Earthquakes,200,1.14.0,98,2.20000005,"3 km SSW of Pāhala, Hawaii",1711262258640,1711262364950,,https://earthquake.usgs.gov/earthquakes/eventpage/hv74148242,https://earthquake.usgs.gov/fdsnws/event/1/query?eventid=hv74148242&format=geojson,,,,,automatic,0,74,hv,74148242,",hv74148242,",",hv,",",origin,phase-data,",32.0,0.03844,0.119999997,149.0,md,Feature,"M 2.2 - 3 km SSW of Pāhala, Hawaii","[-155.497665405273, 19.174165725708, 31.5599994659424]",hv74148242
1711283937000,https://earthquake.usgs.gov/fdsnws/event/1/query?format=geojson&starttime=2024-03-24&minmagnitude=0,USGS Earthquakes,200,1.14.0,98,1.06,"7 km W of Cobb, CA",1711261840770,1711261935418,,https://earthquake.usgs.gov/earthquakes/eventpage/nc74023041,https://earthquake.usgs.gov/fdsnws/event/1/query?eventid=nc74023041&format=geojson,,,,,automatic,0,17,nc,74023041,",nc74023041,",",nc,",",nearby-cities,origin,phase-data,",19.0,0.01078,0.01,49.0,md,Feature,"M 1.1 - 7 km W of Cobb, CA","[-122.8021698, 38.8328323, 1.5]",nc74023041
1711283937000,https://earthquake.usgs.gov/fdsnws/event/1/query?format=geojson&starttime=2024-03-24&minmagnitude=0,USGS Earthquakes,200,1.14.0,98,5.2,"10 km SE of Marihatag, Philippines",1711261346698,1711263967581,,https://earthquake.usgs.gov/earthquakes/eventpage/us6000mkxk,https://earthquake.usgs.gov/fdsnws/event/1/query?eventid=us6000mkxk&format=geojson,4.0,6.3,,,reviewed,0,419,us,6000mkxk,",us6000mkxk,",",us,",",dyfi,origin,phase-data,",87.0,1.825,0.93,70.0,mb,Feature,"M 5.2 - 10 km SE of Marihatag, Philippines","[126.3599, 8.733, 74.621]",us6000mkxk
1711283937000,https://earthquake.usgs.gov/fdsnws/event/1/query?format=geojson&starttime=2024-03-24&minmagnitude=0,USGS Earthquakes,200,1.14.0,98,1.8,"25 km ESE of Chickaloon, Alaska",1711261072457,1711261197112,,https://earthquake.usgs.gov/earthquakes/eventpage/ak0243v0tibx,https://earthquake.usgs.gov/fdsnws/event/1/query?eventid=ak0243v0tibx&format=geojson,,,,,automatic,0,50,ak,0243v0tibx,",ak0243v0tibx,",",ak,",",origin,phase-data,",,,0.73,,ml,Feature,"M 1.8 - 25 km ESE of Chickaloon, Alaska","[-148.0536, 61.673, 3.9]",ak0243v0tibx
1711283937000,https://earthquake.usgs.gov/fdsnws/event/1/query?format=geojson&starttime=2024-03-24&minmagnitude=0,USGS Earthquakes,200,1.14.0,98,1.47,"7 km NW of The Geysers, CA",1711259800900,1711259969292,,https://earthquake.usgs.gov/earthquakes/eventpage/nc74023031,https://earthquake.usgs.gov/fdsnws/event/1/query?eventid=nc74023031&format=geojson,,,,,automatic,0,33,nc,74023031,",nc74023031,",",nc,",",focal-mechanism,nearby-cities,origin,phase-data,scitech-link,",28.0,0.01013,0.02,47.0,md,Feature,"M 1.5 - 7 km NW of The Geysers, CA","[-122.822998, 38.8193321, 2.37]",nc74023031
1711283937000,https://earthquake.usgs.gov/fdsnws/event/1/query?format=geojson&starttime=2024-03-24&minmagnitude=0,USGS Earthquakes,200,1.14.0,98,0.78,"5 km NW of The Geysers, CA",1711259749590,1711259845038,,https://earthquake.usgs.gov/earthquakes/eventpage/nc74023026,https://earthquake.usgs.gov/fdsnws/event/1/query?eventid=nc74023026&format=geojson,,,,,automatic,0,9,nc,74023026,",nc74023026,",",nc,",",nearby-cities,origin,phase-data,",14.0,0.006748,0.02,56.0,md,Feature,"M 0.8 - 5 km NW of The Geysers, CA","[-122.7941666, 38.8146667, 2.08]",nc74023026
1711283937000,https://earthquake.usgs.gov/fdsnws/event/1/query?format=geojson&starttime=2024-03-24&minmagnitude=0,USGS Earthquakes,200,1.14.0,98,1.8,"41 km WNW of Rampart, Alaska",1711258711470,1711258853625,,https://earthquake.usgs.gov/earthquakes/eventpage/ak0243v0cj57,https://earthquake.usgs.gov/fdsnws/event/1/query?eventid=ak0243v0cj57&format=geojson,,,,,automatic,0,50,ak,0243v0cj57,",ak0243v0cj57,",",ak,",",origin,phase-data,",,,0.82,,ml,Feature,"M 1.8 - 41 km WNW of Rampart, Alaska","[-150.9535, 65.6925, 7.6]",ak0243v0cj57
1711283937000,https://earthquake.usgs.gov/fdsnws/event/1/query?format=geojson&starttime=2024-03-24&minmagnitude=0,USGS Earthquakes,200,1.14.0,98,2.14,"12 km WSW of Lincoln, CA",1711258369580,1711268163883,,https://earthquake.usgs.gov/earthquakes/eventpage/nc74023016,https://earthquake.usgs.gov/fdsnws/event/1/query?eventid=nc74023016&format=geojson,2.0,2.2,,,automatic,0,71,nc,74023016,",nc74023016,",",nc,",",dyfi,nearby-cities,origin,phase-data,",9.0,0.2467,0.37,107.0,md,Feature,"M 2.1 - 12 km WSW of Lincoln, CA","[-121.4073334, 38.8330002, 17.64]",nc74023016
1711283937000,https://earthquake.usgs.gov/fdsnws/event/1/query?format=geojson&starttime=2024-03-24&minmagnitude=0,USGS Earthquakes,200,1.14.0,98,1.72000003,"10 km ENE of Pāhala, Hawaii",1711258098770,1711258190110,,https://earthquake.usgs.gov/earthquakes/eventpage/hv74148182,https://earthquake.usgs.gov/fdsnws/event/1/query?eventid=hv74148182&format=geojson,,,,,automatic,0,46,hv,74148182,",hv74148182,",",hv,",",origin,phase-data,",28.0,0.1038,0.119999997,156.0,md,Feature,"M 1.7 - 10 km ENE of Pāhala, Hawaii","[-155.383331298828, 19.2281665802002, 31.6700000762939]",hv74148182
1711283937000,https://earthquake.usgs.gov/fdsnws/event/1/query?format=geojson&starttime=2024-03-24&minmagnitude=0,USGS Earthquakes,200,1.14.0,98,0.79,"10 km WNW of The Geysers, CA",1711257982600,1711258075743,,https://earthquake.usgs.gov/earthquakes/eventpage/nc74023011,https://earthquake.usgs.gov/fdsnws/event/1/query?eventid=nc74023011&format=geojson,,,,,automatic,0,10,nc,74023011,",nc74023011,",",nc,",",nearby-cities,origin,phase-data,",9.0,0.01271,0.02,139.0,md,Feature,"M 0.8 - 10 km WNW of The Geysers, CA","[-122.8508301, 38.8261681, 1.75]",nc74023011
1711283937000,https://earthquake.usgs.gov/fdsnws/event/1/query?format=geojson&starttime=2024-03-24&minmagnitude=0,USGS Earthquakes,200,1.14.0,98,1.38,"7 km SE of Ridgecrest, CA",1711257726420,1711257940744,,https://earthquake.usgs.gov/earthquakes/eventpage/ci40523527,https://earthquake.usgs.gov/fdsnws/event/1/query?eventid=ci40523527&format=geojson,,,,,automatic,0,29,ci,40523527,",ci40523527,",",ci,",",nearby-cities,origin,phase-data,scitech-link,",12.0,0.2124,0.31,212.0,ml,Feature,"M 1.4 - 7 km SE of Ridgecrest, CA","[-117.6166687, 35.5783348, 5.38]",ci40523527
1711283937000,https://earthquake.usgs.gov/fdsnws/event/1/query?format=geojson&starttime=2024-03-24&minmagnitude=0,USGS Earthquakes,200,1.14.0,98,1.78,"23 km ESE of Ocotillo Wells, CA",1711257385430,1711257791918,,https://earthquake.usgs.gov/earthquakes/eventpage/ci40523519,https://earthquake.usgs.gov/fdsnws/event/1/query?eventid=ci40523519&format=geojson,,,,,automatic,0,49,ci,40523519,",ci40523519,",",ci,",",nearby-cities,origin,phase-data,scitech-link,",53.0,0.08733,0.22,27.0,ml,Feature,"M 1.8 - 23 km ESE of Ocotillo Wells, CA","[-115.9013333, 33.0591667, 2.79]",ci40523519
1711283937000,https://earthquake.usgs.gov/fdsnws/event/1/query?format=geojson&starttime=2024-03-24&minmagnitude=0,USGS Earthquakes,200,1.14.0,98,2.07,"23 km ESE of Ocotillo Wells, CA",1711257312210,1711257951440,,https://earthquake.usgs.gov/earthquakes/eventpage/ci40523511,https://earthquake.usgs.gov/fdsnws/event/1/query?eventid=ci40523511&format=geojson,,,,,automatic,0,66,ci,40523511,",ci40523511,",",ci,",",focal-mechanism,nearby-cities,origin,phase-data,scitech-link,",66.0,0.08978,0.24,24.0,ml,Feature,"M 2.1 - 23 km ESE of Ocotillo Wells, CA","[-115.9053333, 33.0593333, 2.19]",ci40523511
1711283937000,https://earthquake.usgs.gov/fdsnws/event/1/query?format=geojson&starttime=2024-03-24&minmagnitude=0,USGS Earthquakes,200,1.14.0,98,0.7,"52 km ENE of Beatty, Nevada",1711255808286,1711255933215,,https://earthquake.usgs.gov/earthquakes/eventpage/nn00875264,https://earthquake.usgs.gov/fdsnws/event/1/query?eventid=nn00875264&format=geojson,,,,,automatic,0,8,nn,00875264,",nn00875264,",",nn,",",origin,phase-data,",8.0,0.085,0.2978,228.24,ml,Feature,"M 0.7 - 52 km ENE of Beatty, Nevada","[-116.1821, 37.0144, 0.6]",nn00875264
1711283937000,https://earthquake.usgs.gov/fdsnws/event/1/query?format=geojson&starttime=2024-03-24&minmagnitude=0,USGS Earthquakes,200,1.14.0,98,1.6,"18 km SW of Petersville, Alaska",1711254045850,1711254190207,,https://earthquake.usgs.gov/earthquakes/eventpage/ak0243uzn9rd,https://earthquake.usgs.gov/fdsnws/event/1/query?eventid=ak0243uzn9rd&format=geojson,,,,,automatic,0,39,ak,0243uzn9rd,",ak0243uzn9rd,",",ak,",",origin,phase-data,",,,0.62,,ml,Feature,"M 1.6 - 18 km SW of Petersville, Alaska","[-151.0177, 62.3742, 10]",ak0243uzn9rd
1711283937000,https://earthquake.usgs.gov/fdsnws/event/1/query?format=geojson&starttime=2024-03-24&minmagnitude=0,USGS Earthquakes,200,1.14.0,98,1.4,"2 km SE of Big Lake, Alaska",1711253583613,1711253708426,,https://earthquake.usgs.gov/earthquakes/eventpage/ak0243uzlohl,https://earthquake.usgs.gov/fdsnws/event/1/query?eventid=ak0243uzlohl&format=geojson,,,,,automatic,0,30,ak,0243uzlohl,",ak0243uzlohl,",",ak,",",origin,phase-data,",,,0.35,,ml,Feature,"M 1.4 - 2 km SE of Big Lake, Alaska","[-149.9098, 61.5053, 32.9]",ak0243uzlohl
1711283937000,https://earthquake.usgs.gov/fdsnws/event/1/query?format=geojson&starttime=2024-03-24&minmagnitude=0,USGS Earthquakes,200,1.14.0,98,2.31,"2 km S of Maria Antonia, Puerto Rico",1711252972080,1711256435520,,https://earthquake.usgs.gov/earthquakes/eventpage/pr71443798,https://earthquake.usgs.gov/fdsnws/event/1/query?eventid=pr71443798&format=geojson,,,,,reviewed,0,82,pr,71443798,",pr71443798,",",pr,",",origin,phase-data,",6.0,0.0184,0.3,211.0,md,Feature,"M 2.3 - 2 km S of Maria Antonia, Puerto Rico","[-66.8891666666667, 17.9591666666667, 10.01]",pr71443798
1711283937000,https://earthquake.usgs.gov/fdsnws/event/1/query?format=geojson&starttime=2024-03-24&minmagnitude=0,USGS Earthquakes,200,1.14.0,98,0.97,"10 km NW of The Geysers, CA",1711252598600,1711252694813,,https://earthquake.usgs.gov/earthquakes/eventpage/nc74022991,https://earthquake.usgs.gov/fdsnws/event/1/query?eventid=nc74022991&format=geojson,,,,,automatic,0,14,nc,74022991,",nc74022991,",",nc,",",nearby-cities,origin,phase-data,",21.0,0.004773,0.02,80.0,md,Feature,"M 1.0 - 10 km NW of The Geysers, CA","[-122.8508301, 38.8268318, 1.92]",nc74022991
1711283937000,https://earthquake.usgs.gov/fdsnws/event/1/query?format=geojson&starttime=2024-03-24&minmagnitude=0,USGS Earthquakes,200,1.14.0,98,1.96,"3 km SSW of Anderson Springs, CA",1711252130380,1711252224753,,https://earthquake.usgs.gov/earthquakes/eventpage/nc74022986,https://earthquake.usgs.gov/fdsnws/event/1/query?eventid=nc74022986&format=geojson,,,,,automatic,0,59,nc,74022986,",nc74022986,",",nc,",",nearby-cities,origin,phase-data,",25.0,0.02009,0.06,80.0,md,Feature,"M 2.0 - 3 km SSW of Anderson Springs, CA","[-122.7046661, 38.7485008, 1.38]",nc74022986
1711283937000,https://earthquake.usgs.gov/fdsnws/event/1/query?format=geojson&starttime=2024-03-24&minmagnitude=0,USGS Earthquakes,200,1.14.0,98,2.0,"20 km WSW of Denali Park, Alaska",1711251994292,1711252121737,,https://earthquake.usgs.gov/earthquakes/eventpage/ak0243uz7dvp,https://earthquake.usgs.gov/fdsnws/event/1/query?eventid=ak0243uz7dvp&format=geojson,,,,,automatic,0,62,ak,0243uz7dvp,",ak0243uz7dvp,",",ak,",",origin,phase-data,",,,0.55,,ml,Feature,"M 2.0 - 20 km WSW of Denali Park, Alaska","[-149.3071, 63.6755, 101.4]",ak0243uz7dvp
1711283937000,https://earthquake.usgs.gov/fdsnws/event/1/query?format=geojson&starttime=2024-03-24&minmagnitude=0,USGS Earthquakes,200,1.14.0,98,1.44,"13 km N of Ocotillo Wells, CA",1711251895570,1711252529280,,https://earthquake.usgs.gov/earthquakes/eventpage/ci40523503,https://earthquake.usgs.gov/fdsnws/event/1/query?eventid=ci40523503&format=geojson,,,,,automatic,0,32,ci,40523503,",ci40523503,",",ci,",",focal-mechanism,nearby-cities,origin,phase-data,scitech-link,",63.0,0.1098,0.24,45.0,ml,Feature,"M 1.4 - 13 km N of Ocotillo Wells, CA","[-116.1241667, 33.2595, 9.18]",ci40523503
1711283937000,https://earthquake.usgs.gov/fdsnws/event/1/query?format=geojson&starttime=2024-03-24&minmagnitude=0,USGS Earthquakes,200,1.14.0,98,0.99,"8 km WNW of Cobb, CA",1711251565530,1711251660551,,https://earthquake.usgs.gov/earthquakes/eventpage/nc74022981,https://earthquake.usgs.gov/fdsnws/event/1/query?eventid=nc74022981&format=geojson,,,,,automatic,0,15,nc,74022981,",nc74022981,",",nc,",",nearby-cities,origin,phase-data,",14.0,0.01118,0.02,61.0,md,Feature,"M 1.0 - 8 km WNW of Cobb, CA","[-122.8164978, 38.8448334, 1.39]",nc74022981
1711283937000,https://earthquake.usgs.gov/fdsnws/event/1/query?format=geojson&starttime=2024-03-24&minmagnitude=0,USGS Earthquakes,200,1.14.0,98,1.5,"4 km SSW of Salcha, Alaska",1711250852908,1711250957567,,https://earthquake.usgs.gov/earthquakes/eventpage/ak0243uz3b62,https://earthquake.usgs.gov/fdsnws/event/1/query?eventid=ak0243uz3b62&format=geojson,,,,,automatic,0,35,ak,0243uz3b62,",ak0243uz3b62,",",ak,",",origin,phase-data,",,,0.28,,ml,Feature,"M 1.5 - 4 km SSW of Salcha, Alaska","[-146.9329, 64.4831, 6.3]",ak0243uz3b62
1711283937000,https://earthquake.usgs.gov/fdsnws/event/1/query?format=geojson&starttime=2024-03-24&minmagnitude=0,USGS Earthquakes,200,1.14.0,98,5.2,"39 km ENE of Ambunti, Papua New Guinea",1711250796746,1711251840040,,https://earthquake.usgs.gov/earthquakes/eventpage/us6000mkwv,https://earthquake.usgs.gov/fdsnws/event/1/query?eventid=us6000mkwv&format=geojson,,,,,reviewed,0,416,us,6000mkwv,",us6000mkwv,",",us,",",origin,phase-data,",51.0,2.849,0.72,122.0,mb,Feature,"M 5.2 - 39 km ENE of Ambunti, Papua New Guinea","[143.1222, -4.0364, 11.014]",us6000mkwv
1711283937000,https://earthquake.usgs.gov/fdsnws/event/1/query?format=geojson&starttime=2024-03-24&minmagnitude=0,USGS Earthquakes,200,1.14.0,98,1.43,"11 km SW of Valencia, CA",1711250642020,1711251048820,,https://earthquake.usgs.gov/earthquakes/eventpage/ci40523495,https://earthquake.usgs.gov/fdsnws/event/1/query?eventid=ci40523495&format=geojson,,,,,automatic,0,31,ci,40523495,",ci40523495,",",ci,",",nearby-cities,origin,phase-data,scitech-link,",28.0,0.04014,0.23,143.0,ml,Feature,"M 1.4 - 11 km SW of Valencia, CA","[-118.6426667, 34.3763333, 10.31]",ci40523495
1711283937000,https://earthquake.usgs.gov/fdsnws/event/1/query?format=geojson&starttime=2024-03-24&minmagnitude=0,USGS Earthquakes,200,1.14.0,98,1.07,"1 km E of The Geysers, CA",1711250457640,1711250550369,,https://earthquake.usgs.gov/earthquakes/eventpage/nc74022966,https://earthquake.usgs.gov/fdsnws/event/1/query?eventid=nc74022966&format=geojson,,,,,automatic,0,18,nc,74022966,",nc74022966,",",nc,",",nearby-cities,origin,phase-data,",16.0,0.01073,0.04,64.0,md,Feature,"M 1.1 - 1 km E of The Geysers, CA","[-122.746666, 38.7758331, 1.83]",nc74022966
1711283937000,https://earthquake.usgs.gov/fdsnws/event/1/query?format=geojson&starttime=2024-03-24&minmagnitude=0,USGS Earthquakes,200,1.14.0,98,1.05,"8 km WNW of Cobb, CA",1711250200060,1711250295315,,https://earthquake.usgs.gov/earthquakes/eventpage/nc74022961,https://earthquake.usgs.gov/fdsnws/event/1/query?eventid=nc74022961&format=geojson,,,,,automatic,0,17,nc,74022961,",nc74022961,",",nc,",",nearby-cities,origin,phase-data,",21.0,0.01459,0.02,81.0,md,Feature,"M 1.1 - 8 km WNW of Cobb, CA","[-122.8105011, 38.8380013, 1.76]",nc74022961
1711283937000,https://earthquake.usgs.gov/fdsnws/event/1/query?format=geojson&starttime=2024-03-24&minmagnitude=0,USGS Earthquakes,200,1.14.0,98,0.71,"6 km WNW of Cobb, CA",1711250146010,1711250240266,,https://earthquake.usgs.gov/earthquakes/eventpage/nc74022956,https://earthquake.usgs.gov/fdsnws/event/1/query?eventid=nc74022956&format=geojson,,,,,automatic,0,8,nc,74022956,",nc74022956,",",nc,",",nearby-cities,origin,phase-data,",5.0,0.002059,0.0,119.0,md,Feature,"M 0.7 - 6 km WNW of Cobb, CA","[-122.7913361, 38.8364983, 1.5]",nc74022956
1711283937000,https://earthquake.usgs.gov/fdsnws/event/1/query?format=geojson&starttime=2024-03-24&minmagnitude=0,USGS Earthquakes,200,1.14.0,98,1.46,"36 km N of Searles Valley, CA",1711249911640,1711250290499,,https://earthquake.usgs.gov/earthquakes/eventpage/ci40523487,https://earthquake.usgs.gov/fdsnws/event/1/query?eventid=ci40523487&format=geojson,,,,,automatic,0,33,ci,40523487,",ci40523487,",",ci,",",nearby-cities,origin,phase-data,scitech-link,",23.0,0.228,0.15,113.0,ml,Feature,"M 1.5 - 36 km N of Searles Valley, CA","[-117.4226667, 36.089, -1.3]",ci40523487
1711283937000,https://earthquake.usgs.gov/fdsnws/event/1/query?format=geojson&starttime=2024-03-24&minmagnitude=0,USGS Earthquakes,200,1.14.0,98,5.7,"85 km SE of Ende, Indonesia",1711249446463,1711256873789,,https://earthquake.usgs.gov/earthquakes/eventpage/us6000mkvx,https://earthquake.usgs.gov/fdsnws/event/1/query?eventid=us6000mkvx&format=geojson,,,3.805,green,reviewed,0,500,us,6000mkvx,",usauto6000mkvx,pt24084000,us6000mkvx,",",usauto,pt,us,",",internal-moment-tensor,internal-origin,losspager,origin,phase-data,shakemap,",94.0,2.114,0.96,57.0,mww,Feature,"M 5.7 - 85 km SE of Ende, Indonesia","[122.1468, -9.444, 49.537]",us6000mkvx
1711283937000,https://earthquake.usgs.gov/fdsnws/event/1/query?format=geojson&starttime=2024-03-24&minmagnitude=0,USGS Earthquakes,200,1.14.0,98,1.7,"16 km SSE of Minto, Alaska",1711248606618,1711248813782,,https://earthquake.usgs.gov/earthquakes/eventpage/ak0243uymnee,https://earthquake.usgs.gov/fdsnws/event/1/query?eventid=ak0243uymnee&format=geojson,,,,,automatic,0,44,ak,0243uymnee,",ak0243uymnee,",",ak,",",origin,phase-data,",,,0.7,,ml,Feature,"M 1.7 - 16 km SSE of Minto, Alaska","[-149.1665, 65.0204, 9]",ak0243uymnee
1711283937000,https://earthquake.usgs.gov/fdsnws/event/1/query?format=geojson&starttime=2024-03-24&minmagnitude=0,USGS Earthquakes,200,1.14.0,98,0.99,"7 km NW of The Geysers, CA",1711247125420,1711247219752,,https://earthquake.usgs.gov/earthquakes/eventpage/nc74022941,https://earthquake.usgs.gov/fdsnws/event/1/query?eventid=nc74022941&format=geojson,,,,,automatic,0,15,nc,74022941,",nc74022941,",",nc,",",nearby-cities,origin,phase-data,",11.0,0.00976,0.01,76.0,md,Feature,"M 1.0 - 7 km NW of The Geysers, CA","[-122.8199997, 38.8154984, 2.76]",nc74022941
1711283937000,https://earthquake.usgs.gov/fdsnws/event/1/query?format=geojson&starttime=2024-03-24&minmagnitude=0,USGS Earthquakes,200,1.14.0,98,2.1500001,"14 km NE of Pāhala, Hawaii",1711246875550,1711246975900,,https://earthquake.usgs.gov/earthquakes/eventpage/hv74147902,https://earthquake.usgs.gov/fdsnws/event/1/query?eventid=hv74147902&format=geojson,,,,,automatic,0,71,hv,74147902,",hv74147902,",",hv,",",origin,phase-data,",27.0,0.05443,0.100000001,178.0,md,Feature,"M 2.2 - 14 km NE of Pāhala, Hawaii","[-155.364501953125, 19.2824993133545, 29.2999992370605]",hv74147902
1711283937000,https://earthquake.usgs.gov/fdsnws/event/1/query?format=geojson&starttime=2024-03-24&minmagnitude=0,USGS Earthquakes,200,1.14.0,98,0.64,"10 km WNW of The Geysers, CA",1711246840370,1711246934635,,https://earthquake.usgs.gov/earthquakes/eventpage/nc74022936,https://earthquake.usgs.gov/fdsnws/event/1/query?eventid=nc74022936&format=geojson,,,,,automatic,0,6,nc,74022936,",nc74022936,",",nc,",",nearby-cities,origin,phase-data,",9.0,0.002106,0.01,167.0,md,Feature,"M 0.6 - 10 km WNW of The Geysers, CA","[-122.8546677, 38.8263321, 2.61]",nc74022936
1711283937000,https://earthquake.usgs.gov/fdsnws/event/1/query?format=geojson&starttime=2024-03-24&minmagnitude=0,USGS Earthquakes,200,1.14.0,98,4.3,"38 km WNW of Ollagüe, Chile",1711246094645,1711254183040,,https://earthquake.usgs.gov/earthquakes/eventpage/us6000mkvs,https://earthquake.usgs.gov/fdsnws/event/1/query?eventid=us6000mkvs&format=geojson,,,,,reviewed,0,284,us,6000mkvs,",us6000mkvs,",",us,",",origin,phase-data,",18.0,0.822,0.76,103.0,mb,Feature,"M 4.3 - 38 km WNW of Ollagüe, Chile","[-68.6129, -21.1459, 141.9]",us6000mkvs
1711283937000,https://earthquake.usgs.gov/fdsnws/event/1/query?format=geojson&starttime=2024-03-24&minmagnitude=0,USGS Earthquakes,200,1.14.0,98,2.01,"12 km NE of Pāhala, Hawaii",1711245423100,1711245580520,,https://earthquake.usgs.gov/earthquakes/eventpage/hv74147862,https://earthquake.usgs.gov/fdsnws/event/1/query?eventid=hv74147862&format=geojson,,,,,automatic,0,62,hv,74147862,",hv74147862,",",hv,",",origin,phase-data,",42.0,0.05585,0.239999995,121.0,ml,Feature,"M 2.0 - 12 km NE of Pāhala, Hawaii","[-155.392837524414, 19.2776660919189, 28.6700000762939]",hv74147862
1711283937000,https://earthquake.usgs.gov/fdsnws/event/1/query?format=geojson&starttime=2024-03-24&minmagnitude=0,USGS Earthquakes,200,1.14.0,98,4.2,"147 km S of Puerto El Triunfo, El Salvador",1711243727460,1711253641040,,https://earthquake.usgs.gov/earthquakes/eventpage/us6000mkvm,https://earthquake.usgs.gov/fdsnws/event/1/query?eventid=us6000mkvm&format=geojson,,,,,reviewed,0,271,us,6000mkvm,",us6000mkvm,",",us,",",origin,phase-data,",20.0,1.555,0.83,165.0,mb,Feature,"M 4.2 - 147 km S of Puerto El Triunfo, El Salvador","[-88.7642, 11.9654, 10]",us6000mkvm
1711283937000,https://earthquake.usgs.gov/fdsnws/event/1/query?format=geojson&starttime=2024-03-24&minmagnitude=0,USGS Earthquakes,200,1.14.0,98,1.29,"3 km NE of The Geysers, CA",1711243096510,1711243190003,,https://earthquake.usgs.gov/earthquakes/eventpage/nc74022926,https://earthquake.usgs.gov/fdsnws/event/1/query?eventid=nc74022926&format=geojson,,,,,automatic,0,26,nc,74022926,",nc74022926,",",nc,",",nearby-cities,origin,phase-data,",17.0,0.02636,0.03,97.0,md,Feature,"M 1.3 - 3 km NE of The Geysers, CA","[-122.7271652, 38.7936668, 1.42]",nc74022926
1711283937000,https://earthquake.usgs.gov/fdsnws/event/1/query?format=geojson&starttime=2024-03-24&minmagnitude=0,USGS Earthquakes,200,1.14.0,98,2.06,"6 km SW of Volcano, Hawaii",1711242840810,1711243004840,,https://earthquake.usgs.gov/earthquakes/eventpage/hv74147812,https://earthquake.usgs.gov/fdsnws/event/1/query?eventid=hv74147812&format=geojson,,,,,automatic,0,65,hv,74147812,",hv74147812,",",hv,",",origin,phase-data,",9.0,0.008227,0.270000011,103.0,ml,Feature,"M 2.1 - 6 km SW of Volcano, Hawaii","[-155.280334472656, 19.4006671905518, 1.25]",hv74147812
1711283937000,https://earthquake.usgs.gov/fdsnws/event/1/query?format=geojson&starttime=2024-03-24&minmagnitude=0,USGS Earthquakes,200,1.14.0,98,2.07,"7 km SW of Volcano, Hawaii",1711242840270,1711243000810,,https://earthquake.usgs.gov/earthquakes/eventpage/hv74147807,https://earthquake.usgs.gov/fdsnws/event/1/query?eventid=hv74147807&format=geojson,,,,,automatic,0,66,hv,74147807,",hv74147807,",",hv,",",origin,phase-data,",17.0,0.005593,0.119999997,58.0,ml,Feature,"M 2.1 - 7 km SW of Volcano, Hawaii","[-155.278839111328, 19.3926658630371, 1.1599999666214]",hv74147807
1711283937000,https://earthquake.usgs.gov/fdsnws/event/1/query?format=geojson&starttime=2024-03-24&minmagnitude=0,USGS Earthquakes,200,1.14.0,98,2.18,"7 km SW of Volcano, Hawaii",1711242442410,1711242600190,,https://earthquake.usgs.gov/earthquakes/eventpage/hv74147802,https://earthquake.usgs.gov/fdsnws/event/1/query?eventid=hv74147802&format=geojson,,,,,automatic,0,73,hv,74147802,",hv74147802,",",hv,",",origin,phase-data,",17.0,0.003288,0.150000006,105.0,ml,Feature,"M 2.2 - 7 km SW of Volcano, Hawaii","[-155.278335571289, 19.3873329162598, 0.870000004768372]",hv74147802
1711283937000,https://earthquake.usgs.gov/fdsnws/event/1/query?format=geojson&starttime=2024-03-24&minmagnitude=0,USGS Earthquakes,200,1.14.0,98,1.35,"2 km N of The Geysers, CA",1711242163380,1711242258857,,https://earthquake.usgs.gov/earthquakes/eventpage/nc74022921,https://earthquake.usgs.gov/fdsnws/event/1/query?eventid=nc74022921&format=geojson,,,,,automatic,0,28,nc,74022921,",nc74022921,",",nc,",",nearby-cities,origin,phase-data,",10.0,0.006826,0.07,136.0,md,Feature,"M 1.4 - 2 km N of The Geysers, CA","[-122.7558365, 38.7944984, -0.91]",nc74022921
1711283937000,https://earthquake.usgs.gov/fdsnws/event/1/query?format=geojson&starttime=2024-03-24&minmagnitude=0,USGS Earthquakes,200,1.14.0,98,1.9,"20 km SW of Petersville, Alaska",1711242096625,1711242214058,,https://earthquake.usgs.gov/earthquakes/eventpage/ak0243uxqvmm,https://earthquake.usgs.gov/fdsnws/event/1/query?eventid=ak0243uxqvmm&format=geojson,,,,,automatic,0,56,ak,0243uxqvmm,",ak0243uxqvmm,",",ak,",",origin,phase-data,",,,0.53,,ml,Feature,"M 1.9 - 20 km SW of Petersville, Alaska","[-151.0562, 62.3767, 11.2]",ak0243uxqvmm
1711283937000,https://earthquake.usgs.gov/fdsnws/event/1/query?format=geojson&starttime=2024-03-24&minmagnitude=0,USGS Earthquakes,200,1.14.0,98,2.42,"19 km NNW of Volcano, Hawaii",1711241007020,1711241164690,,https://earthquake.usgs.gov/earthquakes/eventpage/hv74147727,https://earthquake.usgs.gov/fdsnws/event/1/query?eventid=hv74147727&format=geojson,,,,,automatic,0,90,hv,74147727,",hv74147727,",",hv,",",origin,phase-data,",8.0,0.1784,0.0799999982,347.0,ml,Feature,"M 2.4 - 19 km NNW of Volcano, Hawaii","[-155.317840576172, 19.6000003814697, 5.6100001335144]",hv74147727
1711283937000,https://earthquake.usgs.gov/fdsnws/event/1/query?format=geojson&starttime=2024-03-24&minmagnitude=0,USGS Earthquakes,200,1.14.0,98,0.74,"7 km W of Cobb, CA",1711240651910,1711240744570,,https://earthquake.usgs.gov/earthquakes/eventpage/nc74022911,https://earthquake.usgs.gov/fdsnws/event/1/query?eventid=nc74022911&format=geojson,,,,,automatic,0,8,nc,74022911,",nc74022911,",",nc,",",nearby-cities,origin,phase-data,",9.0,0.009285,0.01,90.0,md,Feature,"M 0.7 - 7 km W of Cobb, CA","[-122.8014984, 38.829834, 1.69]",nc74022911
1711283937000,https://earthquake.usgs.gov/fdsnws/event/1/query?format=geojson&starttime=2024-03-24&minmagnitude=0,USGS Earthquakes,200,1.14.0,98,0.92,"9 km WNW of The Geysers, CA",1711240437110,1711240534537,,https://earthquake.usgs.gov/earthquakes/eventpage/nc74022906,https://earthquake.usgs.gov/fdsnws/event/1/query?eventid=nc74022906&format=geojson,,,,,automatic,0,13,nc,74022906,",nc74022906,",",nc,",",nearby-cities,origin,phase-data,",16.0,0.009107,0.05,110.0,md,Feature,"M 0.9 - 9 km WNW of The Geysers, CA","[-122.8483353, 38.8213348, 2.08]",nc74022906
1711283937000,https://earthquake.usgs.gov/fdsnws/event/1/query?format=geojson&starttime=2024-03-24&minmagnitude=0,USGS Earthquakes,200,1.14.0,98,5.1,"294 km SW of Gizo, Solomon Islands",1711240254176,1711241426040,,https://earthquake.usgs.gov/earthquakes/eventpage/us6000mkvd,https://earthquake.usgs.gov/fdsnws/event/1/query?eventid=us6000mkvd&format=geojson,,,,,reviewed,0,400,us,6000mkvd,",us6000mkvd,",",us,",",origin,phase-data,",44.0,5.103,0.92,52.0,mb,Feature,"M 5.1 - 294 km SW of Gizo, Solomon Islands","[154.7854, -9.8046, 10]",us6000mkvd
1711283937000,https://earthquake.usgs.gov/fdsnws/event/1/query?format=geojson&starttime=2024-03-24&minmagnitude=0,USGS Earthquakes,200,1.14.0,98,4.2,"76 km WNW of Bandar Abbas, Iran",1711239140721,1711241895040,,https://earthquake.usgs.gov/earthquakes/eventpage/us6000mkva,https://earthquake.usgs.gov/fdsnws/event/1/query?eventid=us6000mkva&format=geojson,,,,,reviewed,0,271,us,6000mkva,",us6000mkva,",",us,",",origin,phase-data,",41.0,2.646,1.07,122.0,mb,Feature,"M 4.2 - 76 km WNW of Bandar Abbas, Iran","[55.6232, 27.5506, 17.589]",us6000mkva
